t,type,lat,lon,alt_ft,data
2026-08-30T00:36:20.582Z,session_start,,,,"{""ident"": {""aircraft_title"": ""Airbus H145 Philippine Coast Guard HEMS"", ""aircraft_icao"": ""H145"", ""tail_number"": ""N150KB"", ""flight_number"": ""N150KB"", ""airline"": ""N150KB"", ""weight_lb"": 5567.272, ""fuel_lb"": 877.242, ""aircraft_icao_raw"": ""H145""}, ""callsign"": ""N150KB""}"
2026-08-30T00:36:34.669Z,takeoff,25.763488,87.421942,128.6,"{""ias_kt"": 0.301}"
2026-08-30T01:06:32.719Z,state_gear,,,905.1,"{""de"": 1.0, ""para"": 0.0}"
2026-08-30T01:06:32.720Z,state_parking_brake,,,905.1,"{""de"": 1.0, ""para"": 0.0}"
2026-08-30T01:16:53.343Z,touchdown,26.509537,86.735125,250.3,"{""td_vs_fpm"": 510.407, ""td_pitch"": -9.537, ""td_bank"": 1.918, ""td_hdg"": 114.1, ""td_lat"": 26.51, ""td_lon"": 86.735}"
2026-08-30T01:16:53.997Z,takeoff,26.509535,86.735127,248.5,"{""ias_kt"": 6.942}"
2026-08-30T01:16:55.323Z,touchdown,26.509541,86.735117,248.7,"{""td_vs_fpm"": 5.001, ""td_pitch"": -9.823, ""td_bank"": 3.851, ""td_hdg"": 115.561, ""td_lat"": 26.51, ""td_lon"": 86.735}"
2026-08-30T01:17:16.846Z,takeoff,26.509534,86.735143,249.4,"{""ias_kt"": 2.92}"
2026-08-30T01:19:31.651Z,touchdown,26.509987,86.737557,247.5,"{""td_vs_fpm"": 232.645, ""td_pitch"": 1.742, ""td_bank"": -0.492, ""td_hdg"": 5.322, ""td_lat"": 26.51, ""td_lon"": 86.738}"
2026-08-30T01:19:51.251Z,state_eng2,26.509987,86.737557,247.4,"{""de"": 1.0, ""para"": 0.0}"
2026-08-30T01:19:54.010Z,state_eng1,26.509987,86.737557,247.4,"{""de"": 1.0, ""para"": 0.0}"
2026-08-30T01:21:05.824Z,session_end,,,,{}
