t,oat_c,tat_c,qnh_inhg,wind_kt,wind_dir,vis_m,precip_state,precip_rate,in_cloud,air_density,ice_pct,surface_type,surface_cond,fuel_lb
2026-08-30T16:14:10.031Z,1.365,1.365,29.436,2.499,205.94,138600.0,2.0,0.0,0.0,0.002,0.0,1.0,0.0,966.726
2026-08-30T16:14:19.232Z,1.365,1.365,29.436,2.499,205.94,138600.0,2.0,0.0,0.0,0.002,0.0,1.0,0.0,966.696
2026-08-30T16:14:28.661Z,1.357,1.358,29.436,2.499,205.94,138600.0,2.0,0.0,0.0,0.002,0.0,1.0,0.0,966.697
2026-08-30T16:14:39.119Z,1.357,1.358,29.436,2.499,205.94,138600.0,2.0,0.0,0.0,0.002,0.0,1.0,0.0,966.697
2026-08-30T16:14:48.091Z,1.365,1.365,29.436,2.499,205.94,138600.0,2.0,0.0,0.0,0.002,0.0,1.0,0.0,966.697
2026-08-30T16:14:59.136Z,1.365,1.358,29.436,2.499,205.94,138600.0,2.0,0.0,0.0,0.002,0.0,1.0,0.0,966.697
2026-08-30T16:15:09.476Z,1.357,1.358,29.436,2.499,205.94,138600.0,2.0,0.0,0.0,0.002,0.0,1.0,0.0,966.697
2026-08-30T16:15:19.550Z,1.365,1.365,29.436,2.499,205.94,138600.0,2.0,0.0,0.0,0.002,0.0,1.0,0.0,966.697
2026-08-30T16:15:29.561Z,1.365,1.365,29.436,2.499,205.94,138600.0,2.0,0.0,0.0,0.002,0.0,1.0,0.0,966.697
2026-08-30T16:15:38.651Z,1.365,1.365,29.436,2.499,205.94,138600.0,2.0,0.0,0.0,0.002,0.0,1.0,0.0,966.696
2026-08-30T16:15:49.854Z,1.357,1.358,29.436,2.499,205.94,138600.0,2.0,0.0,0.0,0.002,0.0,1.0,0.0,966.697
2026-08-30T16:15:59.495Z,1.365,1.365,29.436,2.499,205.94,138600.0,2.0,0.0,0.0,0.002,0.0,1.0,0.0,966.667
2026-08-30T16:16:09.167Z,1.365,1.365,29.436,2.499,205.94,138600.0,2.0,0.0,0.0,0.002,0.0,1.0,0.0,966.354
2026-08-30T16:16:18.798Z,1.365,1.365,29.436,2.499,205.94,138600.0,2.0,0.0,0.0,0.002,0.0,1.0,0.0,965.979
2026-08-30T16:16:29.982Z,1.365,1.365,29.436,2.499,205.94,138600.0,2.0,0.0,0.0,0.002,0.0,1.0,0.0,965.553
2026-08-30T16:16:39.817Z,1.357,1.358,29.436,2.499,205.94,138600.0,2.0,0.0,0.0,0.002,0.0,1.0,0.0,965.165
2026-08-30T16:16:49.554Z,1.357,1.358,29.436,2.499,205.94,138600.0,2.0,0.0,0.0,0.002,0.0,1.0,0.0,964.818
2026-08-30T16:16:58.608Z,1.357,1.358,29.436,2.499,205.94,138600.0,2.0,0.0,0.0,0.002,0.0,1.0,0.0,964.474
2026-08-30T16:17:09.062Z,1.365,1.365,29.436,2.499,205.94,138600.0,2.0,0.0,0.0,0.002,0.0,1.0,0.0,964.095
2026-08-30T16:17:18.706Z,1.357,1.358,29.436,2.499,205.94,138600.0,2.0,0.0,0.0,0.002,0.0,1.0,0.0,963.764
2026-08-30T16:17:28.658Z,1.365,1.365,29.436,2.499,205.94,138600.0,2.0,0.0,0.0,0.002,0.0,1.0,0.0,963.408
2026-08-30T16:17:38.628Z,1.365,1.365,29.436,2.499,205.94,138600.0,2.0,0.0,0.0,0.002,0.0,1.0,0.0,963.031
2026-08-30T16:17:50.061Z,1.357,1.358,29.436,2.499,205.94,138600.0,2.0,0.0,0.0,0.002,0.0,1.0,0.0,962.54
2026-08-30T16:17:58.049Z,1.357,1.358,29.436,2.499,205.94,138600.0,2.0,0.0,0.0,0.002,0.0,1.0,0.0,962.271
2026-08-30T16:18:09.043Z,1.365,1.365,29.436,2.499,205.94,138600.0,2.0,0.0,0.0,0.002,0.0,1.0,0.0,961.858
2026-08-30T16:18:19.743Z,1.365,1.365,29.436,2.499,205.94,138600.0,2.0,0.0,0.0,0.002,0.0,1.0,0.0,961.409
2026-08-30T16:18:28.871Z,1.357,1.358,29.436,2.499,205.94,138600.0,2.0,0.0,0.0,0.002,0.0,1.0,0.0,961.05
2026-08-30T16:18:39.760Z,1.365,1.365,29.436,2.499,205.94,138600.0,2.0,0.0,0.0,0.002,0.0,1.0,0.0,960.613
2026-08-30T16:18:49.143Z,1.357,1.358,29.436,2.498,205.925,138600.0,2.0,0.0,0.0,0.002,0.0,1.0,0.0,960.222
2026-08-30T16:18:59.859Z,1.357,1.358,29.436,2.499,205.899,138600.0,2.0,0.0,0.0,0.002,0.0,1.0,0.0,959.794
2026-08-30T16:19:09.060Z,1.357,1.358,29.436,2.499,205.9,138600.0,2.0,0.0,0.0,0.002,0.0,1.0,0.0,959.382
2026-08-30T16:19:20.123Z,1.357,1.358,29.435,2.497,205.787,138600.0,2.0,0.0,0.0,0.002,0.0,1.0,0.0,958.815
2026-08-30T16:19:29.383Z,1.357,1.36,29.435,2.5,205.963,138600.0,2.0,0.0,0.0,0.002,0.0,1.0,0.0,958.366
2026-08-30T16:19:40.256Z,1.357,1.383,29.437,2.5,206.169,138600.0,2.0,0.0,0.0,0.002,0.0,1.0,0.0,957.926
2026-08-30T16:19:49.294Z,1.347,1.406,29.44,2.5,205.994,138600.0,2.0,0.0,0.0,0.002,0.0,12.0,0.0,957.553
2026-08-30T16:20:00.178Z,1.347,1.412,29.434,2.502,205.994,138600.0,2.0,0.0,0.0,0.002,0.0,12.0,0.0,957.102
2026-08-30T16:20:09.151Z,1.347,1.435,29.435,2.5,206.003,138600.0,2.0,0.0,0.0,0.002,0.0,12.0,0.0,956.722
2026-08-30T16:20:19.747Z,1.347,1.464,29.437,2.505,206.13,138600.0,2.0,0.0,0.0,0.002,0.0,12.0,0.0,956.269
2026-08-30T16:20:28.871Z,1.337,1.423,29.435,2.502,206.035,138600.0,2.0,0.0,0.0,0.002,0.0,12.0,0.0,955.924
2026-08-30T16:20:39.644Z,1.327,1.408,29.433,2.512,205.999,138600.0,2.0,0.0,0.0,0.002,0.0,21.0,0.0,955.462
2026-08-30T16:20:48.876Z,1.337,1.413,29.431,2.519,206.029,138600.0,2.0,0.0,0.0,0.002,0.0,12.0,0.0,955.086
2026-08-30T16:20:59.998Z,1.337,1.352,29.429,2.534,205.938,138600.0,2.0,0.0,0.0,0.002,0.0,1.0,0.0,954.646
2026-08-30T16:21:09.652Z,1.327,1.329,29.433,2.516,205.646,138600.0,2.0,0.0,0.0,0.002,0.0,11.0,0.0,954.292
2026-08-30T16:21:18.738Z,1.327,1.328,29.433,2.521,205.617,138600.0,2.0,0.0,0.0,0.002,0.0,1.0,0.0,953.911
2026-08-30T16:21:30.138Z,1.329,1.329,29.432,2.522,205.604,138600.0,2.0,0.0,0.0,0.002,0.0,1.0,0.0,953.241
2026-08-30T16:21:38.957Z,1.327,1.33,29.43,2.528,205.887,138600.0,2.0,0.0,0.0,0.002,0.0,1.0,0.0,952.764
2026-08-30T16:21:49.523Z,1.337,1.34,29.429,2.531,205.98,138600.0,2.0,0.0,0.0,0.002,0.0,21.0,0.0,952.352
2026-08-30T16:21:57.823Z,1.337,1.338,29.429,2.53,205.979,138600.0,2.0,0.0,0.0,0.002,0.0,21.0,0.0,952.038
2026-08-30T16:22:09.507Z,1.333,1.333,29.429,2.53,205.979,138600.0,2.0,0.0,0.0,0.002,0.0,21.0,0.0,951.568
2026-08-30T16:22:18.213Z,1.333,1.333,29.429,2.53,205.979,138600.0,2.0,0.0,0.0,0.002,0.0,21.0,0.0,951.265
2026-08-30T16:22:28.362Z,1.337,1.338,29.429,2.53,205.979,138600.0,2.0,0.0,0.0,0.002,0.0,21.0,0.0,950.881
2026-08-30T16:22:39.036Z,1.333,1.333,29.429,2.53,205.979,138600.0,2.0,0.0,0.0,0.002,0.0,21.0,0.0,950.453
2026-08-30T16:22:49.492Z,1.333,1.333,29.429,2.53,205.979,138600.0,2.0,0.0,0.0,0.002,0.0,21.0,0.0,950.025
2026-08-30T16:23:00.235Z,1.333,1.333,29.429,2.53,205.979,138600.0,2.0,0.0,0.0,0.002,0.0,21.0,0.0,949.642
2026-08-30T16:23:08.813Z,1.337,1.338,29.429,2.53,205.979,138600.0,2.0,0.0,0.0,0.002,0.0,21.0,0.0,949.286
2026-08-30T16:23:19.649Z,1.337,1.338,29.429,2.53,205.979,138600.0,2.0,0.0,0.0,0.002,0.0,21.0,0.0,948.831
2026-08-30T16:23:29.552Z,1.337,1.338,29.429,2.53,205.979,138600.0,2.0,0.0,0.0,0.002,0.0,21.0,0.0,948.311
2026-08-30T16:23:39.417Z,1.334,1.352,29.43,2.526,205.941,138600.0,2.0,0.0,0.0,0.002,0.0,12.0,0.0,947.537
2026-08-30T16:23:49.931Z,1.337,1.489,29.433,2.508,205.949,138600.0,2.0,0.0,0.0,0.002,0.0,12.0,0.0,946.634
2026-08-30T16:24:00.112Z,1.337,1.753,29.436,2.506,206.186,138600.0,2.0,0.0,0.0,0.002,0.0,12.0,0.0,945.687
2026-08-30T16:24:09.673Z,1.36,2.123,29.439,2.5,205.972,138600.0,2.0,0.0,0.0,0.002,0.0,12.0,0.0,944.818
2026-08-30T16:24:20.183Z,1.288,2.274,29.393,2.854,205.82,138600.0,2.0,0.0,0.0,0.002,0.0,12.0,0.0,943.698
2026-08-30T16:24:28.943Z,1.29,2.287,29.291,3.336,207.026,138600.0,2.0,0.0,0.0,0.002,0.0,1.0,0.0,942.781
2026-08-30T16:24:40.280Z,1.452,2.457,29.157,3.602,204.5,138600.0,2.0,0.0,0.0,0.002,0.0,11.0,0.0,941.659
2026-08-30T16:24:49.414Z,1.774,2.788,29.057,3.981,205.681,138600.0,2.0,0.0,0.0,0.002,0.0,1.0,0.0,940.743
2026-08-30T16:24:59.078Z,1.809,2.788,28.916,4.24,207.308,138600.0,2.0,0.0,0.0,0.002,0.0,11.0,0.0,939.808
2026-08-30T16:25:09.459Z,1.997,3.127,28.806,4.319,207.022,138600.0,2.0,0.0,0.0,0.002,0.0,11.0,0.0,938.598
2026-08-30T16:25:18.863Z,2.101,3.161,28.63,4.873,209.208,138600.0,2.0,0.0,0.0,0.002,0.0,11.0,0.0,937.609
2026-08-30T16:25:29.071Z,2.594,3.727,28.48,5.067,212.425,138600.0,2.0,0.0,0.0,0.002,0.0,11.0,0.0,936.512
2026-08-30T16:25:39.773Z,2.947,4.144,28.325,5.032,205.352,138600.0,2.0,0.0,0.0,0.002,0.0,11.0,0.0,935.317
2026-08-30T16:25:49.212Z,3.25,4.474,28.194,4.773,205.579,138600.0,2.0,0.0,0.0,0.002,0.0,255.0,0.0,934.344
2026-08-30T16:25:59.270Z,3.446,4.719,28.044,5.012,205.663,138600.0,2.0,0.0,0.0,0.002,0.0,11.0,0.0,933.269
2026-08-30T16:26:09.591Z,3.776,5.225,27.942,5.101,206.973,138600.0,2.0,0.0,0.0,0.002,0.0,2.0,0.0,932.097
2026-08-30T16:26:19.777Z,3.665,5.221,27.79,5.397,206.475,138600.0,2.0,0.0,0.0,0.002,0.0,2.0,0.0,931.036
2026-08-30T16:26:29.013Z,4.045,5.736,27.675,6.795,211.35,138600.0,2.0,0.0,0.0,0.002,0.0,2.0,0.0,930.084
2026-08-30T16:26:38.613Z,4.302,5.949,27.525,6.985,216.669,138600.0,2.0,0.0,0.0,0.002,0.0,2.0,0.0,929.133
2026-08-30T16:26:49.277Z,4.649,6.24,27.356,7.841,218.59,138600.0,2.0,0.0,0.0,0.002,0.0,2.0,0.0,927.981
2026-08-30T16:26:59.373Z,5.119,6.762,27.22,8.131,221.567,138600.0,2.0,0.0,0.0,0.002,0.0,2.0,0.0,926.936
2026-08-30T16:27:08.844Z,5.42,7.327,27.185,8.106,222.493,138600.0,2.0,0.0,0.0,0.002,0.0,11.0,0.0,926.004
2026-08-30T16:27:19.664Z,5.404,7.414,27.089,8.44,223.223,138600.0,2.0,0.0,0.0,0.002,0.0,1.0,0.0,924.867
2026-08-30T16:27:29.269Z,5.421,7.545,27.014,8.542,223.625,138600.0,2.0,0.0,0.0,0.002,0.0,11.0,0.0,923.838
2026-08-30T16:27:38.715Z,5.851,8.311,27.036,8.442,224.129,138600.0,2.0,0.0,0.0,0.002,0.0,11.0,0.0,922.911
2026-08-30T16:27:49.846Z,5.782,8.344,26.999,8.603,224.208,138600.0,2.0,0.0,0.0,0.002,0.0,11.0,0.0,921.782
2026-08-30T16:27:59.624Z,5.993,8.816,27.057,8.466,224.393,138600.0,2.0,0.0,0.0,0.002,0.0,2.0,0.0,920.751
2026-08-30T16:28:09.483Z,5.731,8.649,27.09,8.392,223.813,138600.0,2.0,0.0,0.0,0.002,0.0,11.0,0.0,919.722
2026-08-30T16:28:19.137Z,5.819,8.892,27.131,8.263,224.32,138600.0,2.0,0.0,0.0,0.002,0.0,2.0,0.0,918.796
2026-08-30T16:28:28.751Z,5.546,8.406,27.05,8.445,223.253,138600.0,2.0,0.0,0.0,0.002,0.0,11.0,0.0,917.766
2026-08-30T16:28:39.936Z,5.637,8.212,26.897,8.742,224.778,138600.0,2.0,0.0,0.0,0.002,0.0,2.0,0.0,916.637
2026-08-30T16:28:49.946Z,6.226,8.975,26.904,9.705,224.794,138600.0,2.0,0.0,0.0,0.002,0.0,2.0,0.0,915.634
2026-08-30T16:28:59.321Z,6.22,9.093,26.929,10.628,224.21,138600.0,2.0,0.0,0.0,0.002,0.0,11.0,0.0,914.78
2026-08-30T16:29:09.251Z,6.282,9.116,26.961,10.465,223.534,138600.0,2.0,0.0,0.0,0.002,0.0,11.0,0.0,913.832
2026-08-30T16:29:18.852Z,6.034,8.789,26.919,10.681,224.896,138600.0,2.0,0.0,0.0,0.002,0.0,11.0,0.0,912.85
2026-08-30T16:29:29.802Z,6.125,8.654,26.822,10.813,225.215,138600.0,2.0,0.0,0.0,0.002,0.0,21.0,0.0,911.772
2026-08-30T16:29:39.235Z,6.469,9.15,26.832,10.833,226.741,138600.0,2.0,0.0,0.0,0.002,0.0,2.0,0.0,910.889
2026-08-30T16:29:49.479Z,6.435,9.104,26.816,10.85,226.252,138600.0,2.0,0.0,0.0,0.002,0.0,11.0,0.0,909.914
2026-08-30T16:29:58.736Z,6.525,9.256,26.827,10.656,226.42,138600.0,2.0,0.0,0.0,0.002,0.0,1.0,0.0,908.942
2026-08-30T16:30:09.490Z,6.535,9.247,26.806,10.864,226.646,138600.0,2.0,0.0,0.0,0.002,0.0,2.0,0.0,907.97
2026-08-30T16:30:19.646Z,6.357,8.961,26.749,10.939,226.491,138600.0,2.0,0.0,0.0,0.002,0.0,11.0,0.0,907.003
2026-08-30T16:30:29.080Z,6.686,9.369,26.75,11.006,226.995,138600.0,2.0,0.0,0.0,0.002,0.0,11.0,0.0,906.038
2026-08-30T16:30:38.315Z,6.637,9.299,26.739,11.019,227.023,138600.0,2.0,0.0,0.0,0.002,0.0,11.0,0.0,905.163
2026-08-30T16:30:49.722Z,6.598,9.277,26.697,10.942,228.475,138600.0,2.0,0.0,0.0,0.002,0.0,11.0,0.0,904.095
2026-08-30T16:30:58.627Z,6.598,9.309,26.696,11.019,227.965,138600.0,2.0,0.0,0.0,0.002,0.0,2.0,0.0,903.228
2026-08-30T16:31:09.403Z,6.687,9.514,26.731,10.825,228.208,138600.0,2.0,0.0,0.0,0.002,0.0,11.0,0.0,902.174
2026-08-30T16:31:19.332Z,6.717,9.556,26.745,11.005,226.836,138600.0,2.0,0.0,0.0,0.002,0.0,11.0,0.0,901.214
2026-08-30T16:31:29.297Z,6.717,9.5,26.737,11.055,227.684,138600.0,2.0,0.0,0.0,0.002,0.0,11.0,0.0,900.255
2026-08-30T16:31:39.216Z,6.717,9.453,26.725,10.859,227.765,138600.0,2.0,0.0,0.0,0.002,0.0,1.0,0.0,899.393
2026-08-30T16:31:49.210Z,6.638,9.335,26.671,11.224,228.432,138600.0,2.0,0.0,0.0,0.002,0.0,1.0,0.0,898.439
2026-08-30T16:31:59.182Z,6.628,9.31,26.659,10.97,228.894,138600.0,2.0,0.0,0.0,0.002,0.0,11.0,0.0,897.488
2026-08-30T16:32:08.161Z,6.638,9.339,26.665,11.049,229.133,138600.0,2.0,0.0,0.0,0.002,0.0,2.0,0.0,896.632
2026-08-30T16:32:19.258Z,6.658,9.337,26.66,10.963,229.176,138600.0,2.0,0.0,0.0,0.002,0.0,11.0,0.0,895.568
2026-08-30T16:32:28.671Z,6.599,9.239,26.647,11.138,229.046,138600.0,2.0,0.0,0.0,0.002,0.0,11.0,0.0,894.619
2026-08-30T16:32:39.068Z,6.609,9.291,26.647,11.96,230.161,138600.0,2.0,0.0,0.0,0.002,0.0,11.0,0.0,893.665
2026-08-30T16:32:49.172Z,6.677,9.427,26.668,11.897,228.374,138600.0,2.0,0.0,0.0,0.002,0.0,2.0,0.0,892.724
2026-08-30T16:32:58.564Z,6.797,9.707,26.731,11.919,228.625,138600.0,2.0,0.0,0.0,0.002,0.0,11.0,0.0,891.868
2026-08-30T16:33:08.988Z,6.821,9.705,26.713,12.027,227.765,138600.0,2.0,0.0,0.0,0.002,0.0,11.0,0.0,890.813
2026-08-30T16:33:17.967Z,6.815,9.639,26.702,11.99,228.051,138600.0,2.0,0.0,0.0,0.002,0.0,11.0,0.0,889.951
2026-08-30T16:33:29.278Z,6.765,9.429,26.673,12.11,228.211,138600.0,2.0,0.0,0.0,0.002,0.0,11.0,0.0,888.903
2026-08-30T16:33:37.999Z,6.791,9.605,26.694,12.141,228.484,138600.0,2.0,0.0,0.0,0.002,0.0,11.0,0.0,888.052
2026-08-30T16:33:48.962Z,6.798,9.582,26.698,11.888,228.72,138600.0,2.0,0.0,0.0,0.002,0.0,11.0,0.0,887.118
2026-08-30T16:33:58.029Z,6.857,9.657,26.742,12.125,228.37,138600.0,2.0,0.0,0.0,0.002,0.0,11.0,0.0,886.26
2026-08-30T16:34:08.957Z,6.966,9.718,26.776,11.996,226.765,138600.0,2.0,0.0,0.0,0.002,0.0,11.0,0.0,885.208
2026-08-30T16:34:17.980Z,6.895,9.66,26.791,11.891,226.529,138600.0,2.0,0.0,0.0,0.002,0.0,2.0,0.0,884.346
2026-08-30T16:34:28.590Z,6.925,9.66,26.809,11.848,226.444,138600.0,2.0,0.0,0.0,0.002,0.0,11.0,0.0,883.285
2026-08-30T16:34:39.301Z,6.955,9.674,26.812,11.928,227.16,138600.0,2.0,0.0,0.0,0.002,0.0,1.0,0.0,882.244
2026-08-30T16:34:48.027Z,6.977,9.773,26.867,11.67,225.92,138600.0,2.0,0.0,0.0,0.002,0.0,1.0,0.0,881.482
2026-08-30T16:34:59.129Z,6.872,9.618,26.854,11.782,226.467,138600.0,2.0,0.0,0.0,0.002,0.0,1.0,0.0,880.421
2026-08-30T16:35:08.076Z,6.885,9.619,26.861,11.683,225.978,138600.0,2.0,0.0,0.0,0.002,0.0,1.0,0.0,879.565
2026-08-30T16:35:19.029Z,6.883,9.585,26.87,11.653,225.905,138600.0,2.0,0.0,0.0,0.002,0.0,11.0,0.0,878.506
2026-08-30T16:35:28.042Z,6.854,9.523,26.866,11.773,226.268,138600.0,2.0,0.0,0.0,0.002,0.0,1.0,0.0,877.644
2026-08-30T16:35:38.988Z,6.914,9.633,26.894,11.648,225.757,138600.0,2.0,0.0,0.0,0.002,0.0,11.0,0.0,876.59
2026-08-30T16:35:48.071Z,6.844,9.489,26.882,11.623,226.299,138600.0,2.0,0.0,0.0,0.002,0.0,11.0,0.0,875.727
2026-08-30T16:35:59.221Z,6.884,9.603,26.898,11.756,224.65,138600.0,2.0,0.0,0.0,0.002,0.0,1.0,0.0,874.675
2026-08-30T16:36:08.023Z,6.885,9.717,26.963,11.634,224.335,138600.0,2.0,0.0,0.0,0.002,0.0,1.0,0.0,873.818
2026-08-30T16:36:19.453Z,6.782,9.545,26.981,10.458,224.119,,2.0,,0.0,0.002,0.0,11.0,0.0,872.69
2026-08-30T16:36:29.104Z,6.759,9.405,26.978,10.714,224.737,138600.0,2.0,0.0,0.0,0.002,0.0,11.0,0.0,871.834
2026-08-30T16:36:38.843Z,6.771,9.523,27.014,10.579,225.472,138600.0,2.0,0.0,0.0,0.002,0.0,11.0,0.0,870.977
2026-08-30T16:36:49.443Z,6.68,9.473,27.08,10.164,223.955,138600.0,2.0,0.0,0.0,0.002,0.0,1.0,0.0,869.924
2026-08-30T16:36:59.522Z,6.661,9.275,27.018,10.472,224.094,138600.0,2.0,0.0,0.0,0.002,0.0,2.0,0.0,868.964
2026-08-30T16:37:08.885Z,6.66,9.326,27.048,9.786,224.457,138600.0,2.0,0.0,0.0,0.002,0.0,2.0,0.0,868.12
2026-08-30T16:37:19.616Z,6.653,9.315,27.064,9.303,223.974,138600.0,2.0,0.0,0.0,0.002,0.0,2.0,0.0,867.061
2026-08-30T16:37:29.660Z,6.511,9.076,27.024,9.461,224.287,138600.0,2.0,0.0,0.0,0.002,0.0,2.0,0.0,866.121
2026-08-30T16:37:39.654Z,6.631,9.247,27.035,9.514,223.556,138600.0,2.0,0.0,0.0,0.002,0.0,2.0,0.0,865.183
2026-08-30T16:37:48.416Z,6.581,9.202,27.039,9.109,223.98,138600.0,2.0,0.0,0.0,0.002,0.0,2.0,0.0,864.323
2026-08-30T16:37:58.482Z,6.621,9.261,27.046,9.449,223.78,138600.0,2.0,0.0,0.0,0.002,0.0,11.0,0.0,863.376
2026-08-30T16:38:09.537Z,6.591,9.224,27.047,9.438,223.581,138600.0,2.0,0.0,0.0,0.002,0.0,11.0,0.0,862.314
2026-08-30T16:38:18.479Z,6.541,9.145,27.039,9.413,224.7,138600.0,2.0,0.0,0.0,0.002,0.0,11.0,0.0,861.453
2026-08-30T16:38:29.555Z,6.522,9.061,26.992,9.561,223.737,138600.0,2.0,0.0,0.0,0.002,0.0,11.0,0.0,860.406
2026-08-30T16:38:38.347Z,6.632,9.196,26.987,10.469,224.306,138600.0,2.0,0.0,0.0,0.002,0.0,2.0,0.0,859.642
2026-08-30T16:38:48.488Z,6.622,9.141,26.954,10.483,223.326,138600.0,2.0,0.0,0.0,0.002,0.0,2.0,0.0,858.68
2026-08-30T16:38:59.372Z,6.613,9.13,26.947,10.549,225.034,138600.0,2.0,0.0,0.0,0.002,0.0,21.0,0.0,857.565
2026-08-30T16:39:08.224Z,6.604,9.296,26.898,10.715,224.446,138600.0,2.0,0.0,0.0,0.002,0.0,2.0,0.0,856.553
2026-08-30T16:39:19.164Z,6.694,9.488,26.863,10.941,226.381,138600.0,2.0,0.0,0.0,0.002,0.0,2.0,0.0,855.321
2026-08-30T16:39:29.418Z,6.655,9.579,26.847,10.8,225.605,138600.0,2.0,0.0,0.0,0.002,0.0,1.0,0.0,854.208
2026-08-30T16:39:38.296Z,6.595,9.597,26.814,10.924,227.099,138600.0,2.0,0.0,0.0,0.002,0.0,11.0,0.0,853.208
2026-08-30T16:39:49.373Z,6.646,9.719,26.787,11.264,226.647,138600.0,2.0,0.0,0.0,0.002,0.0,11.0,0.0,851.987
2026-08-30T16:39:58.307Z,6.587,9.663,26.752,10.955,226.83,138600.0,2.0,0.0,0.0,0.002,0.0,11.0,0.0,850.984
2026-08-30T16:40:08.240Z,6.598,9.66,26.705,11.092,227.74,138600.0,2.0,0.0,0.0,0.002,0.0,11.0,0.0,849.869
2026-08-30T16:40:18.439Z,6.419,9.38,26.617,11.375,226.764,138600.0,2.0,0.0,0.0,0.002,0.0,1.0,0.0,848.769
2026-08-30T16:40:28.433Z,6.428,9.653,26.642,10.957,230.825,138600.0,2.0,0.0,0.0,0.002,0.0,11.0,0.0,847.662
2026-08-30T16:40:38.422Z,6.478,9.85,26.684,10.971,229.788,138600.0,2.0,0.0,0.0,0.002,0.0,11.0,0.0,846.561
2026-08-30T16:40:48.195Z,6.504,9.857,26.68,10.961,228.698,138600.0,2.0,0.0,0.0,0.002,0.0,11.0,0.0,845.465
2026-08-30T16:40:58.216Z,6.478,9.84,26.68,10.909,228.585,138600.0,2.0,0.0,0.0,0.002,0.0,11.0,0.0,844.376
2026-08-30T16:41:09.339Z,6.468,9.842,26.673,10.934,229.074,138600.0,2.0,0.0,0.0,0.002,0.0,11.0,0.0,843.171
2026-08-30T16:41:18.465Z,6.521,9.978,26.708,11.081,229.562,138600.0,2.0,0.0,0.0,0.002,0.0,1.0,0.0,842.185
2026-08-30T16:41:29.387Z,6.577,10.083,26.736,11.039,228.129,138600.0,2.0,0.0,0.0,0.002,0.0,11.0,0.0,840.97
2026-08-30T16:41:38.421Z,6.644,10.198,26.765,10.921,225.652,138600.0,2.0,0.0,0.0,0.002,0.0,11.0,0.0,839.976
2026-08-30T16:41:48.221Z,6.735,10.256,26.81,10.911,226.681,138600.0,2.0,0.0,0.0,0.002,0.0,1.0,0.0,838.984
2026-08-30T16:41:58.483Z,6.714,10.291,26.863,9.831,226.244,138600.0,2.0,0.0,0.0,0.002,0.0,11.0,0.0,837.75
2026-08-30T16:42:08.473Z,6.573,10.233,26.938,9.572,224.176,138600.0,2.0,0.0,0.0,0.002,0.0,11.0,0.0,836.758
2026-08-30T16:42:18.462Z,6.354,9.781,26.919,9.681,225.574,138600.0,2.0,0.0,0.0,0.002,0.0,11.0,0.0,835.659
2026-08-30T16:42:28.441Z,6.502,9.941,26.962,9.529,224.456,138600.0,2.0,0.0,0.0,0.002,0.0,11.0,0.0,834.557
2026-08-30T16:42:39.415Z,6.343,9.697,26.948,9.568,223.339,138600.0,2.0,0.0,0.0,0.002,0.0,1.0,0.0,833.344
2026-08-30T16:42:48.237Z,6.422,9.778,26.961,9.498,223.394,138600.0,2.0,0.0,0.0,0.002,0.0,1.0,0.0,832.353
2026-08-30T16:42:58.464Z,6.332,9.683,26.973,9.477,223.048,138600.0,2.0,0.0,0.0,0.002,0.0,2.0,0.0,831.255
2026-08-30T16:43:08.504Z,6.392,9.752,26.99,9.419,223.352,138600.0,2.0,0.0,0.0,0.002,0.0,2.0,0.0,830.16
2026-08-30T16:43:19.098Z,6.352,9.577,26.989,9.507,224.026,138600.0,2.0,0.0,0.0,0.002,0.0,11.0,0.0,829.059
2026-08-30T16:43:29.492Z,6.361,9.49,27.072,9.469,222.904,138600.0,2.0,0.0,0.0,0.002,0.0,11.0,0.0,828.137
2026-08-30T16:43:39.686Z,6.257,9.404,27.218,8.226,222.653,138600.0,2.0,0.0,0.0,0.002,0.0,11.0,0.0,827.197
2026-08-30T16:43:49.530Z,6.036,9.096,27.291,8.1,221.162,138600.0,2.0,0.0,0.0,0.002,0.0,2.0,0.0,826.253
2026-08-30T16:43:58.230Z,6.038,9.138,27.376,7.946,217.977,138600.0,2.0,0.0,0.0,0.002,0.0,2.0,0.0,825.399
2026-08-30T16:44:09.415Z,5.835,8.21,27.381,7.959,217.653,138600.0,2.0,0.0,0.0,0.002,0.0,2.0,0.0,824.354
2026-08-30T16:44:18.159Z,5.775,7.809,27.373,7.856,218.62,138600.0,2.0,0.0,0.0,0.002,0.0,11.0,0.0,823.498
2026-08-30T16:44:29.144Z,5.914,7.862,27.438,7.437,219.77,138600.0,2.0,0.0,0.0,0.002,0.0,11.0,0.0,822.542
2026-08-30T16:44:38.057Z,5.763,7.643,27.472,6.617,217.5,138600.0,2.0,0.0,0.0,0.002,0.0,11.0,0.0,821.677
2026-08-30T16:44:49.195Z,5.812,7.62,27.521,6.769,216.838,138600.0,2.0,0.0,0.0,0.002,0.0,11.0,0.0,820.617
2026-08-30T16:44:59.285Z,5.761,7.621,27.585,6.495,216.74,138600.0,2.0,0.0,0.0,0.002,0.0,11.0,0.0,819.654
2026-08-30T16:45:09.334Z,5.719,7.64,27.702,6.353,214.587,138600.0,2.0,0.0,0.0,0.002,0.0,11.0,0.0,818.685
2026-08-30T16:45:18.191Z,5.536,7.607,27.844,6.008,213.944,138600.0,2.0,0.0,0.0,0.002,0.0,11.0,0.0,817.81
2026-08-30T16:45:29.248Z,5.343,7.332,28.006,5.595,213.761,138600.0,2.0,0.0,0.0,0.002,0.0,11.0,0.0,816.918
2026-08-30T16:45:38.043Z,5.05,6.929,28.15,4.039,208.536,138600.0,2.0,0.0,0.0,0.002,0.0,1.0,0.0,816.23
2026-08-30T16:45:49.222Z,4.758,6.5,28.283,4.099,205.675,138600.0,2.0,0.0,0.0,0.002,0.0,11.0,0.0,815.375
2026-08-30T16:45:58.079Z,4.665,6.365,28.394,4.036,202.868,138600.0,2.0,0.0,0.0,0.002,0.0,11.0,0.0,814.668
2026-08-30T16:46:09.607Z,4.346,5.931,28.521,3.879,202.62,138600.0,2.0,0.0,0.0,0.002,0.0,11.0,0.0,813.836
2026-08-30T16:46:19.127Z,4.378,5.939,28.628,3.792,201.605,138600.0,2.0,0.0,0.0,0.002,0.0,11.0,0.0,813.216
2026-08-30T16:46:28.022Z,4.39,5.913,28.743,3.712,202.411,138600.0,2.0,0.0,0.0,0.002,0.0,11.0,0.0,812.708
2026-08-30T16:46:39.184Z,4.128,5.519,28.864,3.511,202.953,138600.0,2.0,0.0,0.0,0.002,0.0,2.0,0.0,812.081
2026-08-30T16:46:49.381Z,3.996,5.2,28.968,3.228,202.506,138600.0,2.0,0.0,0.0,0.002,0.0,1.0,0.0,811.504
2026-08-30T16:46:59.558Z,3.754,4.663,29.054,3.126,202.351,138600.0,2.0,0.0,0.0,0.002,0.0,11.0,0.0,810.929
2026-08-30T16:47:09.239Z,3.492,4.296,29.143,3.086,202.866,138600.0,2.0,0.0,0.0,0.002,0.0,11.0,0.0,810.359
2026-08-30T16:47:19.507Z,3.261,4.019,29.242,2.924,202.622,138600.0,2.0,0.0,0.0,0.002,0.0,11.0,0.0,809.792
2026-08-30T16:47:30.033Z,3.141,3.866,29.343,2.605,205.05,138600.0,2.0,0.0,0.0,0.002,0.0,1.0,0.0,809.168
2026-08-30T16:47:39.883Z,3.207,3.889,29.437,2.267,201.869,138600.0,2.0,0.0,0.0,0.002,0.0,1.0,0.0,808.72
2026-08-30T16:47:49.812Z,2.922,3.417,29.483,2.004,202.12,138600.0,2.0,0.0,0.0,0.002,0.0,14.0,0.0,808.322
2026-08-30T16:47:58.131Z,2.677,2.813,29.487,2.004,200.933,138600.0,2.0,0.0,0.0,0.002,0.0,14.0,0.0,807.996
2026-08-30T16:48:09.262Z,2.681,2.715,29.487,1.998,201.081,138600.0,2.0,0.0,0.0,0.002,0.0,14.0,0.0,807.53
2026-08-30T16:48:19.324Z,2.687,2.738,29.487,2.003,200.977,138600.0,2.0,0.0,0.0,0.002,0.0,14.0,0.0,807.123
2026-08-30T16:48:30.088Z,2.716,2.783,29.491,2.0,200.979,138600.0,2.0,0.0,0.0,0.002,0.0,14.0,0.0,806.718
2026-08-30T16:48:39.911Z,2.686,2.794,29.496,2.0,200.998,138600.0,2.0,0.0,0.0,0.002,0.0,14.0,0.0,806.313
2026-08-30T16:48:49.608Z,2.686,2.688,29.492,2.001,201.084,138600.0,2.0,0.0,0.0,0.002,0.0,14.0,0.0,805.929
2026-08-30T16:48:59.915Z,2.686,2.69,29.491,2.0,200.975,138600.0,2.0,0.0,0.0,0.002,0.0,11.0,0.0,805.532
2026-08-30T16:49:07.988Z,2.686,2.687,29.491,2.0,200.945,138600.0,2.0,0.0,0.0,0.002,0.0,11.0,0.0,805.208
2026-08-30T16:49:18.751Z,2.658,2.687,29.491,2.0,200.951,138600.0,2.0,0.0,0.0,0.002,0.0,11.0,0.0,804.753
2026-08-30T16:49:29.162Z,2.658,2.659,29.491,2.0,200.951,138600.0,2.0,0.0,0.0,0.002,0.0,11.0,0.0,804.236
2026-08-30T16:49:39.832Z,2.627,2.642,29.489,2.0,200.899,138600.0,2.0,0.0,0.0,0.002,0.0,1.0,0.0,803.651
2026-08-30T16:49:49.926Z,2.627,2.627,29.483,2.0,200.859,138600.0,2.0,0.0,0.0,0.002,0.0,1.0,0.0,803.262
2026-08-30T16:49:59.714Z,2.652,2.652,29.487,2.0,200.86,138600.0,2.0,0.0,0.0,0.002,0.0,1.0,0.0,802.908
2026-08-30T16:50:07.970Z,2.627,2.652,29.487,2.0,200.86,138600.0,2.0,0.0,0.0,0.002,0.0,1.0,0.0,802.563
2026-08-30T16:50:19.454Z,2.652,2.652,29.487,2.0,200.86,138600.0,2.0,0.0,0.0,0.002,0.0,1.0,0.0,802.454
2026-08-30T16:50:27.936Z,2.652,2.652,29.487,2.0,200.86,138600.0,2.0,0.0,0.0,0.002,0.0,1.0,0.0,802.454
2026-08-30T16:50:39.582Z,2.652,2.652,29.487,2.0,200.86,138600.0,2.0,0.0,0.0,0.002,0.0,1.0,0.0,802.454
2026-08-30T16:50:49.121Z,2.627,2.627,29.483,2.0,200.86,138600.0,2.0,0.0,0.0,0.002,0.0,1.0,0.0,802.454
2026-08-30T16:50:58.361Z,2.627,2.652,29.487,2.0,200.86,138600.0,2.0,0.0,0.0,0.002,0.0,1.0,0.0,802.454
2026-08-30T16:51:08.526Z,2.652,2.652,29.487,2.0,200.859,138600.0,2.0,0.0,0.0,0.002,0.0,1.0,0.0,802.454
2026-08-30T16:51:18.444Z,2.652,2.652,29.487,2.0,200.86,138600.0,2.0,0.0,0.0,0.002,0.0,1.0,0.0,802.454
2026-08-30T16:51:29.472Z,2.627,2.627,29.487,2.0,200.86,138600.0,2.0,0.0,0.0,0.002,0.0,1.0,0.0,802.454
2026-08-30T16:51:39.181Z,2.627,2.627,29.483,2.0,200.859,138600.0,2.0,0.0,0.0,0.002,0.0,1.0,0.0,802.454
2026-08-30T16:51:48.282Z,2.627,2.627,29.483,2.0,200.86,138600.0,2.0,0.0,0.0,0.002,0.0,1.0,0.0,802.454
2026-08-30T16:51:58.261Z,2.652,2.652,29.487,2.0,200.86,138600.0,2.0,0.0,0.0,0.002,0.0,1.0,0.0,802.454
2026-08-30T16:52:08.621Z,2.627,2.652,29.487,2.0,200.859,138600.0,2.0,0.0,0.0,0.002,0.0,1.0,0.0,802.454
2026-08-30T16:52:18.328Z,2.652,2.652,29.487,2.0,200.859,138600.0,2.0,0.0,0.0,0.002,0.0,1.0,0.0,802.454
2026-08-30T16:52:28.329Z,2.652,2.652,29.487,2.0,200.859,138600.0,2.0,0.0,0.0,0.002,0.0,1.0,0.0,802.454
2026-08-30T16:52:38.316Z,2.652,2.652,29.487,2.0,200.859,138600.0,2.0,0.0,0.0,0.002,0.0,1.0,0.0,802.454
2026-08-30T16:52:48.654Z,2.652,2.652,29.487,2.0,200.859,138600.0,2.0,0.0,0.0,0.002,0.0,1.0,0.0,802.454
2026-08-30T16:52:59.452Z,2.652,2.652,29.487,2.0,200.859,138600.0,2.0,0.0,0.0,0.002,0.0,1.0,0.0,802.454
2026-08-30T16:53:08.925Z,2.627,2.627,29.483,2.0,200.859,138600.0,2.0,0.0,0.0,0.002,0.0,1.0,0.0,802.454
2026-08-30T16:53:18.772Z,2.652,2.652,29.487,2.0,200.859,138600.0,2.0,0.0,0.0,0.002,0.0,1.0,0.0,802.454
2026-08-30T16:53:29.506Z,2.627,2.627,29.483,2.0,200.859,138600.0,2.0,0.0,0.0,0.002,0.0,1.0,0.0,802.454
2026-08-30T16:53:38.966Z,2.652,2.652,29.487,2.0,200.859,138600.0,2.0,0.0,0.0,0.002,0.0,1.0,0.0,802.454
2026-08-30T16:53:49.139Z,2.627,2.652,29.487,2.0,200.859,138600.0,2.0,0.0,0.0,0.002,0.0,1.0,0.0,802.454
2026-08-30T16:53:59.028Z,2.652,2.652,29.487,2.0,200.859,138600.0,2.0,0.0,0.0,0.002,0.0,1.0,0.0,802.454
